Year / Année,Sex / Sexe,Name / Nom,Count / Total
1980,M,MICHAEL,169
1980,M,CHRISTOPHER,144
1980,M,JASON,143
1980,M,MATTHEW,120
1980,M,DAVID,112
1980,M,ANDREW,95
1980,M,DANIEL,94
1980,M,JOSEPH,90
1980,M,ROBERT,89
1980,M,ERIC,83
1980,M,MARC,82
1980,M,ADAM,81
1980,M,MARK,81
1980,M,RYAN,78
1980,M,SCOTT,74
1980,M,KEVIN,72
1980,M,JUSTIN,71
1980,M,BRIAN,71
1980,M,JAMES,70
1980,M,NICHOLAS,70
1980,F,AMANDA,199
1980,F,MELISSA,162
1980,F,JENNIFER,139
1980,F,JULIE,100
1980,F,SARAH,79
1980,F,LISA,77
1980,F,AMY,76
1980,F,MELANIE,67
1980,F,MARIE,67
1980,F,MICHELLE,60
1980,F,ANGELA,55
1980,F,STEPHANIE,54
1980,F,TANYA,52
1980,F,ERIN,51
1980,F,CHRISTINE,47
1980,F,HEATHER,45
1980,F,NICOLE,44
1980,F,ANNIE,43
1980,F,CINDY,43
1980,F,SYLVIE,43
1981,M,MATTHEW,166
1981,M,RYAN,141
1981,M,MICHAEL,137
1981,M,JOSEPH,135
1981,M,JASON,129
1981,M,CHRISTOPHER,127
1981,M,DAVID,109
1981,M,DANIEL,102
1981,M,JONATHAN,101
1981,M,ANDREW,95
1981,M,JAMES,84
1981,M,JUSTIN,81
1981,M,ERIC,78
1981,M,ADAM,78
1981,M,KEVIN,76
1981,M,ROBERT,75
1981,M,MARC,72
1981,M,MATHIEU,72
1981,M,JEREMY,67
1981,M,NICHOLAS,65
1981,F,MELISSA,162
1981,F,JENNIFER,160
1981,F,AMANDA,138
1981,F,JULIE,106
1981,F,MARIE,101
1981,F,SARAH,98
1981,F,AMY,73
1981,F,LISA,59
1981,F,MELANIE,58
1981,F,CHRISTINE,56
1981,F,STEPHANIE,55
1981,F,MICHELLE,52
1981,F,MÉLANIE,50
1981,F,ANGELA,48
1981,F,TANYA,46
1981,F,ANNIE,46
1981,F,CINDY,43
1981,F,KRISTA,43
1981,F,ERIN,42
1981,F,HEATHER,40
1982,M,CHRISTOPHER,171
1982,M,MATTHEW,164
1982,M,MICHAEL,157
1982,M,JASON,135
1982,M,JOSEPH,129
1982,M,DAVID,116
1982,M,JONATHAN,111
1982,M,RYAN,109
1982,M,ANDREW,100
1982,M,ADAM,92
1982,M,ROBERT,80
1982,M,JAMES,80
1982,M,ERIC,77
1982,M,KEVIN,74
1982,M,DANIEL,72
1982,M,JOHN,69
1982,M,MATHIEU,68
1982,M,JUSTIN,64
1982,M,MARC,59
1982,M,JEREMY,59
1982,F,JENNIFER,174
1982,F,MELISSA,137
1982,F,AMANDA,126
1982,F,MARIE,95
1982,F,JESSICA,95
1982,F,SARAH,92
1982,F,JULIE,92
1982,F,MELANIE,82
1982,F,AMY,71
1982,F,STEPHANIE,65
1982,F,CRYSTAL,60
1982,F,ANGELA,53
1982,F,LISA,50
1982,F,CHRISTINE,48
1982,F,MICHELLE,45
1982,F,ERIN,44
1982,F,NICOLE,43
1982,F,NATHALIE,41
1982,F,MÉLANIE,41
1982,F,SYLVIE,40
1983,M,MATTHEW,173
1983,M,MICHAEL,143
1983,M,CHRISTOPHER,131
1983,M,JOSEPH,127
1983,M,RYAN,123
1983,M,JASON,112
1983,M,ANDREW,103
1983,M,JUSTIN,96
1983,M,DAVID,95
1983,M,ADAM,94
1983,M,JONATHAN,92
1983,M,DANIEL,91
1983,M,NICHOLAS,82
1983,M,MATHIEU,78
1983,M,KEVIN,73
1983,M,ERIC,70
1983,M,ROBERT,69
1983,M,JAMES,69
1983,M,MARC,69
1983,M,MARK,69
1983,F,JENNIFER,145
1983,F,JESSICA,121
1983,F,AMANDA,119
1983,F,MELISSA,116
1983,F,JULIE,95
1983,F,SARAH,90
1983,F,STEPHANIE,86
1983,F,MARIE,74
1983,F,AMY,67
1983,F,ASHLEY,62
1983,F,CRYSTAL,60
1983,F,LISA,59
1983,F,NICOLE,51
1983,F,ERIN,50
1983,F,MELANIE,48
1983,F,ISABELLE,45
1983,F,MÉLANIE,45
1983,F,MICHELLE,43
1983,F,CHRISTINE,42
1983,F,ANGELA,42
1984,M,MATTHEW,165
1984,M,CHRISTOPHER,151
1984,M,MICHAEL,144
1984,M,JASON,127
1984,M,JOSEPH,119
1984,M,ANDREW,112
1984,M,JOSHUA,108
1984,M,RYAN,106
1984,M,DANIEL,95
1984,M,ADAM,94
1984,M,MATHIEU,92
1984,M,JUSTIN,89
1984,M,JONATHAN,84
1984,M,NICHOLAS,81
1984,M,KEVIN,80
1984,M,DAVID,78
1984,M,ERIC,70
1984,M,JAMES,65
1984,M,JEFFREY,64
1984,M,MARC,62
1984,F,JENNIFER,146
1984,F,JESSICA,120
1984,F,MELISSA,118
1984,F,AMANDA,109
1984,F,SARAH,95
1984,F,ASHLEY,90
1984,F,MARIE,83
1984,F,STEPHANIE,72
1984,F,JULIE,70
1984,F,LAURA,66
1984,F,MÉLANIE,56
1984,F,AMY,53
1984,F,NICOLE,50
1984,F,MELANIE,48
1984,F,LISA,46
1984,F,MICHELLE,44
1984,F,CHRISTINE,44
1984,F,MEGAN,42
1984,F,DANIELLE,42
1984,F,ERIN,41
1985,M,MATTHEW,153
1985,M,CHRISTOPHER,136
1985,M,JASON,119
1985,M,MICHAEL,112
1985,M,JONATHAN,97
1985,M,RYAN,95
1985,M,JOSHUA,89
1985,M,JOSEPH,88
1985,M,DANIEL,86
1985,M,ADAM,84
1985,M,JUSTIN,81
1985,M,ANDREW,80
1985,M,JAMES,77
1985,M,KEVIN,74
1985,M,DAVID,73
1985,M,JEFFREY,72
1985,M,MATHIEU,72
1985,M,ROBERT,68
1985,M,ERIC,66
1985,M,NICHOLAS,62
1985,F,JESSICA,124
1985,F,JENNIFER,113
1985,F,AMANDA,111
1985,F,ASHLEY,104
1985,F,MELISSA,100
1985,F,JULIE,89
1985,F,SARAH,84
1985,F,STEPHANIE,76
1985,F,AMY,74
1985,F,LAURA,68
1985,F,MARIE,61
1985,F,MÉLANIE,60
1985,F,MEGAN,52
1985,F,MELANIE,49
1985,F,CHRISTINE,44
1985,F,MICHELLE,43
1985,F,REBECCA,41
1985,F,NICOLE,40
1985,F,LINDSAY,39
1985,F,VANESSA,37
1986,M,CHRISTOPHER,162
1986,M,MATTHEW,138
1986,M,MICHAEL,129
1986,M,JOSHUA,105
1986,M,JUSTIN,104
1986,M,RYAN,102
1986,M,JOSEPH,101
1986,M,ANDREW,94
1986,M,JONATHAN,91
1986,M,NICHOLAS,86
1986,M,DANIEL,86
1986,M,DAVID,83
1986,M,JASON,83
1986,M,PATRICK,74
1986,M,ADAM,68
1986,M,JEREMY,68
1986,M,JAMES,67
1986,M,KEVIN,66
1986,M,KYLE,65
1986,M,ROBERT,57
1986,F,JESSICA,134
1986,F,AMANDA,112
1986,F,SARAH,108
1986,F,ASHLEY,102
1986,F,JENNIFER,98
1986,F,MELISSA,88
1986,F,JULIE,73
1986,F,MARIE,68
1986,F,LAURA,59
1986,F,STEPHANIE,54
1986,F,NICOLE,52
1986,F,MEGAN,52
1986,F,MÉLANIE,51
1986,F,AMY,49
1986,F,BRITTANY,46
1986,F,MICHELLE,44
1986,F,REBECCA,43
1986,F,LISA,42
1986,F,CHRISTINE,39
1986,F,NATASHA,38
1987,M,MATTHEW,165
1987,M,MICHAEL,146
1987,M,RYAN,110
1987,M,ANDREW,110
1987,M,CHRISTOPHER,109
1987,M,JUSTIN,90
1987,M,JONATHAN,84
1987,M,JOSHUA,81
1987,M,PATRICK,81
1987,M,JASON,79
1987,M,JOSEPH,79
1987,M,MATHIEU,77
1987,M,SCOTT,75
1987,M,DANIEL,74
1987,M,JEREMY,69
1987,M,ADAM,66
1987,M,NICHOLAS,65
1987,M,JAMES,64
1987,M,DAVID,63
1987,M,KEVIN,61
1987,F,JESSICA,174
1987,F,ASHLEY,134
1987,F,AMANDA,92
1987,F,SARAH,91
1987,F,JENNIFER,79
1987,F,MELISSA,77
1987,F,JULIE,65
1987,F,AMY,60
1987,F,NICOLE,50
1987,F,MEGAN,50
1987,F,STEPHANIE,50
1987,F,CHRISTINE,46
1987,F,LAURA,46
1987,F,MICHELLE,43
1987,F,SAMANTHA,43
1987,F,MARIE,42
1987,F,MÉLANIE,40
1987,F,DANIELLE,39
1987,F,VANESSA,38
1987,F,CHANTAL,35
1988,M,MATTHEW,153
1988,M,MICHAEL,131
1988,M,JUSTIN,120
1988,M,CHRISTOPHER,117
1988,M,JOSHUA,97
1988,M,KYLE,88
1988,M,JONATHAN,84
1988,M,ANDREW,81
1988,M,JOSEPH,81
1988,M,DANIEL,79
1988,M,ADAM,78
1988,M,MATHIEU,78
1988,M,NICHOLAS,74
1988,M,JASON,74
1988,M,RYAN,69
1988,M,PATRICK,68
1988,M,JEREMY,66
1988,M,ERIC,60
1988,M,KEVIN,57
1988,M,DAVID,56
1988,F,JESSICA,169
1988,F,AMANDA,117
1988,F,SARAH,97
1988,F,ASHLEY,91
1988,F,MELISSA,88
1988,F,JENNIFER,74
1988,F,STEPHANIE,60
1988,F,MARIE,57
1988,F,SAMANTHA,55
1988,F,JULIE,53
1988,F,VANESSA,48
1988,F,AMY,48
1988,F,NICOLE,47
1988,F,TIFFANY,44
1988,F,LAURA,43
1988,F,MEGAN,42
1988,F,REBECCA,42
1988,F,CHRISTINE,42
1988,F,MICHELLE,40
1988,F,KATELYN,39
1989,M,MATTHEW,154
1989,M,MICHAEL,130
1989,M,CHRISTOPHER,111
1989,M,JUSTIN,94
1989,M,ANDREW,93
1989,M,JOSHUA,87
1989,M,JONATHAN,81
1989,M,JOSEPH,79
1989,M,MATHIEU,78
1989,M,DAVID,76
1989,M,NICHOLAS,72
1989,M,RYAN,72
1989,M,KYLE,68
1989,M,DANIEL,67
1989,M,ADAM,63
1989,M,PATRICK,61
1989,M,BENJAMIN,54
1989,M,KEVIN,53
1989,M,ERIC,53
1989,M,JOHN,51
1989,F,JESSICA,169
1989,F,SAMANTHA,115
1989,F,ASHLEY,105
1989,F,SARAH,102
1989,F,MELISSA,86
1989,F,AMANDA,82
1989,F,STEPHANIE,67
1989,F,BRITTANY,62
1989,F,JENNIFER,62
1989,F,MARIE,58
1989,F,JULIE,55
1989,F,EMILY,54
1989,F,LAURA,53
1989,F,MEGAN,51
1989,F,KAYLA,51
1989,F,VANESSA,50
1989,F,KATELYN,49
1989,F,TIFFANY,46
1989,F,NICOLE,45
1989,F,COURTNEY,43
1990,M,MATTHEW,114
1990,M,JUSTIN,112
1990,M,CHRISTOPHER,109
1990,M,MICHAEL,105
1990,M,JOSHUA,103
1990,M,RYAN,92
1990,M,ANDREW,85
1990,M,NICHOLAS,84
1990,M,JOSEPH,84
1990,M,JORDAN,78
1990,M,KYLE,73
1990,M,JONATHAN,71
1990,M,DANIEL,71
1990,M,BRANDON,69
1990,M,PATRICK,66
1990,M,MATHIEU,63
1990,M,DAVID,61
1990,M,JASON,59
1990,M,ERIC,58
1990,M,ADAM,58
1990,M,JAMES,58
1990,F,JESSICA,208
1990,F,SAMANTHA,108
1990,F,AMANDA,95
1990,F,SARAH,91
1990,F,ASHLEY,87
1990,F,KAYLA,75
1990,F,STEPHANIE,70
1990,F,BRITTANY,68
1990,F,VANESSA,61
1990,F,MELISSA,59
1990,F,EMILY,57
1990,F,REBECCA,56
1990,F,JENNIFER,52
1990,F,MARIE,49
1990,F,JULIE,46
1990,F,MEGAN,45
1990,F,LAURA,42
1990,F,KATELYN,41
1990,F,COURTNEY,37
1990,F,DANIELLE,36
1990,F,CHRISTINE,36
1991,M,MATTHEW,135
1991,M,MICHAEL,117
1991,M,JUSTIN,103
1991,M,KYLE,100
1991,M,JOSHUA,96
1991,M,CHRISTOPHER,88
1991,M,RYAN,86
1991,M,PATRICK,84
1991,M,NICHOLAS,78
1991,M,JOSEPH,77
1991,M,JONATHAN,73
1991,M,MATHIEU,72
1991,M,ANDREW,71
1991,M,DAVID,67
1991,M,TYLER,66
1991,M,ALEXANDER,64
1991,M,DANIEL,64
1991,M,JORDAN,60
1991,M,BRANDON,60
1991,M,JEREMY,54
1991,F,JESSICA,176
1991,F,SAMANTHA,88
1991,F,ASHLEY,84
1991,F,SARAH,83
1991,F,STEPHANIE,71
1991,F,KAYLA,70
1991,F,EMILY,65
1991,F,AMANDA,61
1991,F,MELISSA,60
1991,F,BRITTANY,59
1991,F,JENNIFER,56
1991,F,VANESSA,53
1991,F,REBECCA,51
1991,F,MEGAN,50
1991,F,JULIE,45
1991,F,LAURA,44
1991,F,MARIE,44
1991,F,COURTNEY,43
1991,F,JENNA,42
1991,F,KELSEY,37
1992,M,MATTHEW,109
1992,M,RYAN,105
1992,M,MICHAEL,94
1992,M,BRANDON,94
1992,M,JUSTIN,94
1992,M,JOSHUA,82
1992,M,CHRISTOPHER,81
1992,M,TYLER,79
1992,M,JORDAN,79
1992,M,NICHOLAS,76
1992,M,KYLE,76
1992,M,PATRICK,72
1992,M,JOSEPH,72
1992,M,ALEXANDER,71
1992,M,MATHIEU,68
1992,M,ANDREW,65
1992,M,CODY,61
1992,M,JONATHAN,58
1992,M,JESSE,54
1992,M,DAVID,54
1992,F,JESSICA,170
1992,F,SAMANTHA,100
1992,F,ASHLEY,98
1992,F,SARAH,85
1992,F,STEPHANIE,70
1992,F,KAYLA,68
1992,F,BRITTANY,67
1992,F,MEGAN,66
1992,F,EMILY,60
1992,F,JULIE,53
1992,F,MELISSA,51
1992,F,REBECCA,49
1992,F,VANESSA,47
1992,F,JENNA,45
1992,F,LAURA,45
1992,F,KELSEY,44
1992,F,JENNIFER,44
1992,F,AMANDA,43
1992,F,COURTNEY,41
1992,F,MARIE,39
1993,M,BRANDON,139
1993,M,MATTHEW,107
1993,M,RYAN,104
1993,M,MICHAEL,92
1993,M,JONATHAN,90
1993,M,JOSHUA,85
1993,M,JUSTIN,81
1993,M,CHRISTOPHER,78
1993,M,NICHOLAS,77
1993,M,JORDAN,69
1993,M,CODY,68
1993,M,TYLER,68
1993,M,KYLE,63
1993,M,ALEXANDER,62
1993,M,JOSEPH,62
1993,M,PATRICK,55
1993,M,JESSE,53
1993,M,DAVID,53
1993,M,MATHIEU,52
1993,M,ANDREW,50
1993,F,JESSICA,132
1993,F,SAMANTHA,79
1993,F,SARAH,79
1993,F,EMILY,77
1993,F,ASHLEY,72
1993,F,BRITTANY,62
1993,F,REBECCA,58
1993,F,JULIE,50
1993,F,VANESSA,48
1993,F,KELSEY,48
1993,F,STEPHANIE,47
1993,F,JENNIFER,44
1993,F,AMANDA,42
1993,F,LAURA,41
1993,F,KAYLA,41
1993,F,MARIE,39
1993,F,JENNA,38
1993,F,DANIELLE,38
1993,F,MICHELLE,37
1993,F,MEGAN,37
1994,M,BRANDON,133
1994,M,MATTHEW,88
1994,M,RYAN,85
1994,M,NICHOLAS,84
1994,M,JOSHUA,81
1994,M,JUSTIN,72
1994,M,TYLER,72
1994,M,KYLE,71
1994,M,JORDAN,67
1994,M,MICHAEL,65
1994,M,PATRICK,65
1994,M,CODY,64
1994,M,ALEXANDER,62
1994,M,JONATHAN,60
1994,M,CHRISTOPHER,59
1994,M,JOSEPH,58
1994,M,JACOB,57
1994,M,ZACHARY,56
1994,M,DYLAN,55
1994,M,MATHIEU,50
1994,F,JESSICA,117
1994,F,SAMANTHA,94
1994,F,EMILY,78
1994,F,SARAH,65
1994,F,ASHLEY,64
1994,F,REBECCA,63
1994,F,KELSEY,60
1994,F,BRITTANY,55
1994,F,STEPHANIE,44
1994,F,KAYLA,43
1994,F,MELISSA,42
1994,F,MEGAN,41
1994,F,TAYLOR,40
1994,F,JENNIFER,40
1994,F,MORGAN,40
1994,F,MARIE,38
1994,F,JENNA,36
1994,F,AMANDA,35
1994,F,KATELYN,35
1994,F,VANESSA,34
1995,M,BRANDON,104
1995,M,RYAN,95
1995,M,NICHOLAS,87
1995,M,ALEXANDER,77
1995,M,TYLER,76
1995,M,MICHAEL,75
1995,M,MATTHEW,72
1995,M,JUSTIN,71
1995,M,JOSHUA,66
1995,M,MATHIEU,65
1995,M,CHRISTOPHER,63
1995,M,CODY,62
1995,M,PATRICK,60
1995,M,JORDAN,59
1995,M,JONATHAN,57
1995,M,JOSEPH,53
1995,M,JACOB,51
1995,M,ZACHARY,50
1995,M,ANDREW,49
1995,M,JESSE,44
1995,F,JESSICA,109
1995,F,ASHLEY,70
1995,F,SARAH,69
1995,F,MEGAN,60
1995,F,SAMANTHA,59
1995,F,EMILY,57
1995,F,BRITTANY,52
1995,F,KAYLA,44
1995,F,REBECCA,43
1995,F,COURTNEY,40
1995,F,AMANDA,36
1995,F,KELSEY,34
1995,F,VANESSA,34
1995,F,MELISSA,33
1995,F,TAYLOR,32
1995,F,MARIE,32
1995,F,LAURA,31
1995,F,AMY,31
1995,F,DANIELLE,31
1995,F,JENNIFER,29
1996,M,BRANDON,118
1996,M,RYAN,91
1996,M,MATTHEW,91
1996,M,NICHOLAS,76
1996,M,MICHAEL,73
1996,M,JACOB,68
1996,M,JUSTIN,62
1996,M,ALEXANDER,61
1996,M,TYLER,59
1996,M,JONATHAN,57
1996,M,CHRISTOPHER,56
1996,M,JOSHUA,56
1996,M,SAMUEL,53
1996,M,DYLAN,53
1996,M,ZACHARY,53
1996,M,JOSEPH,52
1996,M,PATRICK,51
1996,M,JORDAN,50
1996,M,CODY,50
1996,M,KYLE,50
1996,F,JESSICA,92
1996,F,EMILY,78
1996,F,SARAH,61
1996,F,COURTNEY,50
1996,F,SAMANTHA,50
1996,F,REBECCA,47
1996,F,ASHLEY,44
1996,F,MEGAN,43
1996,F,BRITTANY,38
1996,F,TAYLOR,37
1996,F,KRISTEN,32
1996,F,MADISON,31
1996,F,HANNAH,31
1996,F,EMMA,31
1996,F,KELSEY,30
1996,F,KAYLA,29
1996,F,VANESSA,28
1996,F,JULIE,28
1996,F,RACHEL,27
1996,F,LAURA,25
1997,M,MATTHEW,87
1997,M,JACOB,80
1997,M,BRANDON,78
1997,M,NICHOLAS,75
1997,M,RYAN,71
1997,M,TYLER,67
1997,M,ALEXANDER,60
1997,M,MICHAEL,59
1997,M,JOSHUA,59
1997,M,JUSTIN,58
1997,M,KYLE,57
1997,M,SAMUEL,55
1997,M,ZACHARY,52
1997,M,JORDAN,49
1997,M,ANDREW,48
1997,M,PATRICK,48
1997,M,CHRISTOPHER,44
1997,M,JONATHAN,44
1997,M,DYLAN,43
1997,M,AUSTIN,43
1997,F,JESSICA,74
1997,F,SARAH,72
1997,F,EMILY,71
1997,F,SAMANTHA,63
1997,F,MEGAN,44
1997,F,HANNAH,41
1997,F,ASHLEY,40
1997,F,REBECCA,39
1997,F,TAYLOR,39
1997,F,LAUREN,34
1997,F,EMMA,34
1997,F,GABRIELLE,33
1997,F,JENNA,30
1997,F,MACKENZIE,30
1997,F,RACHEL,28
1997,F,KAYLA,28
1997,F,DANIELLE,27
1997,F,MADISON,26
1997,F,ALYSSA,26
1997,F,MORGAN,26
1998,M,BRANDON,94
1998,M,NICHOLAS,93
1998,M,SAMUEL,82
1998,M,MATTHEW,73
1998,M,JACOB,69
1998,M,RYAN,65
1998,M,ALEXANDER,59
1998,M,JORDAN,55
1998,M,BENJAMIN,51
1998,M,TYLER,50
1998,M,KYLE,50
1998,M,JUSTIN,47
1998,M,ZACHARY,47
1998,M,DYLAN,47
1998,M,AUSTIN,46
1998,M,JOSHUA,45
1998,M,MICHAEL,41
1998,M,ANDREW,41
1998,M,ALEXANDRE,38
1998,M,ALEX,38
1998,F,EMILY,84
1998,F,EMMA,65
1998,F,JESSICA,65
1998,F,SARAH,61
1998,F,MEGAN,55
1998,F,TAYLOR,46
1998,F,SAMANTHA,44
1998,F,HANNAH,40
1998,F,MADISON,36
1998,F,VANESSA,34
1998,F,BRITTANY,34
1998,F,MACKENZIE,31
1998,F,KAYLA,30
1998,F,ALEXANDRA,29
1998,F,EMILIE,29
1998,F,GABRIELLE,28
1998,F,OLIVIA,28
1998,F,LAUREN,28
1998,F,ALYSSA,27
1998,F,ASHLEY,27
1999,M,JACOB,99
1999,M,MATTHEW,81
1999,M,NICHOLAS,68
1999,M,BRANDON,68
1999,M,JOSHUA,66
1999,M,RYAN,65
1999,M,DYLAN,63
1999,M,TYLER,60
1999,M,ALEXANDER,55
1999,M,SAMUEL,54
1999,M,BENJAMIN,53
1999,M,JUSTIN,53
1999,M,AUSTIN,53
1999,M,KYLE,52
1999,M,NOAH,47
1999,M,ZACHARY,47
1999,M,ALEX,46
1999,M,ALEXANDRE,43
1999,M,MICHAEL,41
1999,M,JORDAN,41
1999,F,EMILY,83
1999,F,EMMA,62
1999,F,TAYLOR,58
1999,F,SARAH,56
1999,F,JESSICA,55
1999,F,HANNAH,49
1999,F,MEGAN,47
1999,F,MADISON,47
1999,F,SAMANTHA,38
1999,F,ALYSSA,37
1999,F,MACKENZIE,32
1999,F,ASHLEY,29
1999,F,LAUREN,26
1999,F,KAYLA,25
1999,F,OLIVIA,24
1999,F,ISABELLE,24
1999,F,JASMINE,23
1999,F,BRITTANY,23
1999,F,EMILIE,23
1999,F,MORGAN,23
2000,M,JACOB,74
2000,M,JOSHUA,68
2000,M,SAMUEL,66
2000,M,BRANDON,63
2000,M,NICHOLAS,62
2000,M,BENJAMIN,58
2000,M,MATTHEW,56
2000,M,RYAN,54
2000,M,DYLAN,51
2000,M,ZACHARY,51
2000,M,ALEXANDER,48
2000,M,TYLER,45
2000,M,NOAH,45
2000,M,JUSTIN,45
2000,M,MICHAEL,43
2000,M,CAMERON,42
2000,M,KYLE,41
2000,M,AUSTIN,39
2000,M,ETHAN,36
2000,M,CHRISTOPHER,34
2000,F,EMILY,88
2000,F,EMMA,77
2000,F,MADISON,67
2000,F,SARAH,65
2000,F,HANNAH,55
2000,F,OLIVIA,41
2000,F,TAYLOR,40
2000,F,ASHLEY,39
2000,F,JESSICA,39
2000,F,LAUREN,36
2000,F,MEGAN,36
2000,F,MACKENZIE,35
2000,F,JENNA,30
2000,F,SAMANTHA,29
2000,F,ABIGAIL,28
2000,F,KAYLA,28
2000,F,GABRIELLE,26
2000,F,SOPHIE,25
2000,F,KAITLYN,23
2000,F,RACHEL,22
2001,M,JACOB,85
2001,M,MATTHEW,68
2001,M,NICHOLAS,64
2001,M,ALEXANDER,60
2001,M,SAMUEL,58
2001,M,ETHAN,55
2001,M,BRANDON,54
2001,M,DYLAN,54
2001,M,JOSHUA,51
2001,M,ZACHARY,50
2001,M,JUSTIN,49
2001,M,TYLER,48
2001,M,ALEX,45
2001,M,BENJAMIN,43
2001,M,RYAN,38
2001,M,LOGAN,34
2001,M,CONNOR,34
2001,M,NATHAN,34
2001,M,CALEB,33
2001,M,MICHAEL,32
2001,F,EMILY,68
2001,F,EMMA,60
2001,F,MADISON,59
2001,F,HANNAH,47
2001,F,JESSICA,46
2001,F,SARAH,41
2001,F,ABIGAIL,36
2001,F,GABRIELLE,35
2001,F,MEGAN,34
2001,F,ASHLEY,34
2001,F,GRACE,33
2001,F,TAYLOR,32
2001,F,REBECCA,32
2001,F,MACKENZIE,32
2001,F,OLIVIA,31
2001,F,CHLOE,30
2001,F,ALYSSA,30
2001,F,SAMANTHA,29
2001,F,KAYLA,27
2001,F,LAUREN,27
2002,M,JACOB,83
2002,M,ETHAN,77
2002,M,MATTHEW,69
2002,M,SAMUEL,62
2002,M,BENJAMIN,59
2002,M,ALEXANDER,51
2002,M,JOSHUA,50
2002,M,ZACHARY,49
2002,M,NICHOLAS,46
2002,M,LOGAN,46
2002,M,RYAN,44
2002,M,ALEX,41
2002,M,JUSTIN,39
2002,M,AUSTIN,38
2002,M,BRANDON,37
2002,M,DYLAN,36
2002,M,NATHAN,35
2002,M,ALEXANDRE,34
2002,M,NOAH,34
2002,M,ISAAC,34
2002,F,EMMA,89
2002,F,EMILY,70
2002,F,MADISON,61
2002,F,HANNAH,48
2002,F,SARAH,37
2002,F,RACHEL,35
2002,F,ALYSSA,35
2002,F,OLIVIA,34
2002,F,TAYLOR,33
2002,F,ABIGAIL,33
2002,F,MEGAN,32
2002,F,CHLOE,32
2002,F,ASHLEY,30
2002,F,SOPHIE,29
2002,F,GABRIELLE,28
2002,F,CHLOÉ,27
2002,F,MACKENZIE,27
2002,F,REBECCA,27
2002,F,JESSICA,25
2002,F,ISABELLE,25
2003,M,JACOB,75
2003,M,SAMUEL,72
2003,M,NICHOLAS,65
2003,M,JOSHUA,59
2003,M,RYAN,58
2003,M,ZACHARY,52
2003,M,ETHAN,49
2003,M,WILLIAM,45
2003,M,DYLAN,44
2003,M,MATTHEW,43
2003,M,BENJAMIN,43
2003,M,TYLER,42
2003,M,NOAH,42
2003,M,BRANDON,40
2003,M,ALEX,38
2003,M,LOGAN,36
2003,M,ALEXANDER,34
2003,M,CONNOR,34
2003,M,COLE,33
2003,M,JUSTIN,32
2003,F,EMMA,112
2003,F,MADISON,66
2003,F,EMILY,61
2003,F,ABIGAIL,48
2003,F,SARAH,45
2003,F,OLIVIA,44
2003,F,HANNAH,44
2003,F,TAYLOR,40
2003,F,JENNA,39
2003,F,GRACE,35
2003,F,CHLOÉ,31
2003,F,PAIGE,30
2003,F,JESSICA,29
2003,F,SOPHIE,28
2003,F,CHLOE,28
2003,F,HAILEY,27
2003,F,JASMINE,26
2003,F,MEGAN,26
2003,F,MACKENZIE,24
2003,F,BRIANNA,24
2004,M,SAMUEL,76
2004,M,ETHAN,69
2004,M,NICHOLAS,55
2004,M,JACOB,55
2004,M,RYAN,50
2004,M,LOGAN,49
2004,M,NATHAN,47
2004,M,NOAH,46
2004,M,ZACHARY,45
2004,M,ALEXANDER,43
2004,M,MATTHEW,42
2004,M,TYLER,39
2004,M,BENJAMIN,39
2004,M,CONNOR,39
2004,M,DYLAN,38
2004,M,WILLIAM,34
2004,M,MAXIME,33
2004,M,AUSTIN,33
2004,M,ALEX,32
2004,M,BRANDON,31
2004,M,OWEN,31
2004,M,RILEY,31
2004,F,EMMA,96
2004,F,EMILY,59
2004,F,HANNAH,46
2004,F,SARAH,46
2004,F,MADISON,45
2004,F,OLIVIA,35
2004,F,CHLOE,34
2004,F,ABIGAIL,32
2004,F,GABRIELLE,30
2004,F,LAUREN,30
2004,F,JESSICA,27
2004,F,AUDREY,27
2004,F,JASMINE,26
2004,F,GRACE,26
2004,F,HAILEY,26
2004,F,KAYLA,26
2004,F,TAYLOR,25
2004,F,MACKENZIE,24
2004,F,JENNA,24
2004,F,ISABELLE,24
2005,M,JACOB,79
2005,M,SAMUEL,65
2005,M,ETHAN,54
2005,M,NOAH,52
2005,M,CONNOR,49
2005,M,BENJAMIN,48
2005,M,WILLIAM,48
2005,M,NATHAN,47
2005,M,ALEXANDER,46
2005,M,LOGAN,45
2005,M,JOSHUA,44
2005,M,TYLER,44
2005,M,RYAN,42
2005,M,ZACHARY,42
2005,M,MATTHEW,42
2005,M,DYLAN,37
2005,M,NICHOLAS,37
2005,M,OWEN,34
2005,M,LIAM,34
2005,M,MAXIME,33
2005,M,MIGUEL,33
2005,M,ALEXANDRE,33
2005,M,CAMERON,33
2005,F,EMMA,96
2005,F,EMILY,60
2005,F,MADISON,51
2005,F,OLIVIA,42
2005,F,SARAH,41
2005,F,HANNAH,36
2005,F,ABIGAIL,34
2005,F,CHLOE,33
2005,F,GRACE,30
2005,F,AUDREY,29
2005,F,SOPHIE,26
2005,F,LAUREN,26
2005,F,HAILEY,25
2005,F,JESSICA,25
2005,F,TAYLOR,24
2005,F,GABRIELLE,24
2005,F,AVA,24
2005,F,ASHLEY,23
2005,F,MACKENZIE,23
2005,F,ELLA,22
2006,M,JACOB,80
2006,M,ETHAN,66
2006,M,SAMUEL,60
2006,M,NOAH,59
2006,M,LOGAN,46
2006,M,MATTHEW,42
2006,M,BENJAMIN,41
2006,M,ALEXANDER,40
2006,M,NICHOLAS,37
2006,M,ZACHARY,37
2006,M,GABRIEL,36
2006,M,WILLIAM,35
2006,M,RYAN,35
2006,M,ALEX,34
2006,M,CONNOR,33
2006,M,NATHAN,33
2006,M,ALEXANDRE,31
2006,M,CALEB,31
2006,M,JACK,30
2006,M,OWEN,29
2006,M,THOMAS,29
2006,F,EMMA,68
2006,F,OLIVIA,60
2006,F,MADISON,44
2006,F,EMILY,42
2006,F,HANNAH,40
2006,F,ABIGAIL,39
2006,F,AUDREY,33
2006,F,AVA,33
2006,F,LAUREN,32
2006,F,LILY,31
2006,F,SARAH,31
2006,F,ISABELLE,31
2006,F,BROOKE,28
2006,F,ELLA,28
2006,F,CHLOE,26
2006,F,GRACE,25
2006,F,HAILEY,24
2006,F,ALYSSA,23
2006,F,ISABELLA,22
2006,F,GABRIELLE,22
2007,M,SAMUEL,69
2007,M,JACOB,68
2007,M,NATHAN,63
2007,M,ETHAN,55
2007,M,NOAH,52
2007,M,LUCAS,45
2007,M,LOGAN,45
2007,M,ZACHARY,42
2007,M,ALEX,40
2007,M,WILLIAM,39
2007,M,LIAM,38
2007,M,TYLER,37
2007,M,JACK,37
2007,M,RYAN,35
2007,M,ALEXANDER,34
2007,M,JAYDEN,34
2007,M,OWEN,34
2007,M,BENJAMIN,33
2007,M,CAMERON,32
2007,M,GABRIEL,31
2007,M,DYLAN,31
2007,F,EMMA,69
2007,F,MADISON,58
2007,F,OLIVIA,55
2007,F,ABIGAIL,41
2007,F,AVA,39
2007,F,EMILY,37
2007,F,GABRIELLE,35
2007,F,SOPHIE,33
2007,F,ALYSSA,31
2007,F,SARAH,29
2007,F,JASMINE,28
2007,F,ELLA,28
2007,F,ISABELLE,28
2007,F,BROOKLYN,27
2007,F,HANNAH,26
2007,F,BRIANNA,24
2007,F,CHLOE,24
2007,F,GRACE,23
2007,F,TAYLOR,22
2007,F,ADDISON,21
2008,M,SAMUEL,64
2008,M,NOAH,59
2008,M,ETHAN,58
2008,M,WILLIAM,55
2008,M,NATHAN,54
2008,M,JACOB,53
2008,M,LOGAN,47
2008,M,LIAM,45
2008,M,ALEX,44
2008,M,ALEXANDER,40
2008,M,JACK,36
2008,M,ALEXANDRE,35
2008,M,ZACHARY,35
2008,M,EVAN,34
2008,M,RYAN,33
2008,M,OWEN,33
2008,M,MAXIME,33
2008,M,NICHOLAS,33
2008,M,CAMERON,32
2008,M,JAYDEN,30
2008,M,JOSHUA,30
2008,F,EMMA,66
2008,F,MADISON,47
2008,F,OLIVIA,47
2008,F,SOPHIE,39
2008,F,EMILY,36
2008,F,AVA,35
2008,F,HAILEY,34
2008,F,CHLOE,33
2008,F,LILY,33
2008,F,ABIGAIL,33
2008,F,HANNAH,33
2008,F,CHLOÉ,28
2008,F,BROOKE,28
2008,F,CLAIRE,27
2008,F,ISABELLE,26
2008,F,GABRIELLE,25
2008,F,ALEXIS,25
2008,F,AUDREY,24
2008,F,ANNA,24
2008,F,BROOKLYN,24
2009,M,JACOB,69
2009,M,WILLIAM,64
2009,M,NOAH,59
2009,M,ETHAN,59
2009,M,LIAM,52
2009,M,SAMUEL,51
2009,M,NATHAN,42
2009,M,ALEX,41
2009,M,LUCAS,41
2009,M,BENJAMIN,37
2009,M,ZACHARY,37
2009,M,ALEXANDER,34
2009,M,LOGAN,34
2009,M,RYAN,33
2009,M,OWEN,33
2009,M,AIDEN,33
2009,M,NICHOLAS,30
2009,M,MAXIME,30
2009,M,JACK,29
2009,M,DYLAN,27
2009,M,CARTER,27
2009,M,ISAAC,27
2009,M,GABRIEL,27
2009,F,EMMA,63
2009,F,OLIVIA,53
2009,F,MADISON,48
2009,F,ALEXIS,47
2009,F,SOPHIE,41
2009,F,LILY,40
2009,F,AVA,39
2009,F,ABIGAIL,37
2009,F,EMILY,32
2009,F,CHLOE,30
2009,F,HANNAH,29
2009,F,AUDREY,28
2009,F,GRACE,28
2009,F,ISABELLE,27
2009,F,MYA,26
2009,F,LEAH,25
2009,F,CLAIRE,24
2009,F,SARAH,24
2009,F,ELLA,24
2009,F,ISABELLA,24
2010,M,JACOB,70
2010,M,NOAH,66
2010,M,LIAM,62
2010,M,WILLIAM,51
2010,M,SAMUEL,50
2010,M,OWEN,46
2010,M,LOGAN,44
2010,M,NATHAN,41
2010,M,JACK,36
2010,M,ETHAN,35
2010,M,BENJAMIN,34
2010,M,ISAAC,32
2010,M,CALEB,32
2010,M,XAVIER,31
2010,M,CARTER,31
2010,M,ALEXANDER,30
2010,M,ALEXANDRE,30
2010,M,LUCAS,29
2010,M,GABRIEL,25
2010,M,HUNTER,25
2010,M,DYLAN,25
2010,M,RILEY,25
2010,F,EMMA,55
2010,F,AVA,53
2010,F,SOPHIE,52
2010,F,OLIVIA,49
2010,F,CHLOE,37
2010,F,EMILY,37
2010,F,SOPHIA,36
2010,F,ELLA,36
2010,F,ABIGAIL,36
2010,F,ISABELLA,35
2010,F,LILY,32
2010,F,MADISON,31
2010,F,ISABELLE,27
2010,F,MIA,26
2010,F,LEAH,25
2010,F,BROOKLYN,25
2010,F,ZOÉ,24
2010,F,GRACE,23
2010,F,MYA,23
2010,F,LAUREN,22
2010,F,CLAIRE,22
2011,M,JACOB,63
2011,M,WILLIAM,55
2011,M,NOAH,51
2011,M,ALEXANDER,46
2011,M,BENJAMIN,44
2011,M,LUCAS,43
2011,M,NATHAN,39
2011,M,SAMUEL,39
2011,M,LOGAN,39
2011,M,LIAM,39
2011,M,JACK,38
2011,M,ETHAN,33
2011,M,OWEN,32
2011,M,HAYDEN,31
2011,M,MASON,30
2011,M,AIDEN,29
2011,M,JAYDEN,29
2011,M,MAXIME,28
2011,M,CARTER,27
2011,M,ISAAC,27
2011,F,EMMA,63
2011,F,OLIVIA,54
2011,F,AVA,41
2011,F,CHLOE,36
2011,F,SOPHIA,34
2011,F,EMILY,33
2011,F,SOPHIE,32
2011,F,ABIGAIL,30
2011,F,LILY,28
2011,F,ELLA,27
2011,F,CHARLOTTE,26
2011,F,MADISON,25
2011,F,GRACE,25
2011,F,HAILEY,25
2011,F,ADDISON,24
2011,F,ALEXIS,24
2011,F,LEAH,24
2011,F,AUDREY,23
2011,F,JASMINE,22
2011,F,CLAIRE,22
2012,M,LIAM,54
2012,M,NOAH,51
2012,M,WILLIAM,49
2012,M,JACOB,49
2012,M,SAMUEL,47
2012,M,LUCAS,40
2012,M,BENJAMIN,40
2012,M,LOGAN,38
2012,M,MASON,36
2012,M,OWEN,33
2012,M,CARTER,31
2012,M,DYLAN,30
2012,M,GABRIEL,30
2012,M,ETHAN,30
2012,M,JAMES,29
2012,M,NATHAN,29
2012,M,XAVIER,28
2012,M,ALEX,28
2012,M,JAXON,27
2012,M,ALEXANDER,26
2012,M,ZACHARY,26
2012,M,THOMAS,26
2012,F,OLIVIA,52
2012,F,EMMA,50
2012,F,SOPHIA,44
2012,F,LILY,41
2012,F,ABIGAIL,32
2012,F,SOPHIE,32
2012,F,AVA,31
2012,F,CHLOE,29
2012,F,MIA,26
2012,F,CLAIRE,25
2012,F,ALEXIS,25
2012,F,MADISON,24
2012,F,CHARLOTTE,24
2012,F,ISABELLA,24
2012,F,HANNAH,24
2012,F,EMILY,24
2012,F,BROOKLYN,22
2012,F,AUDREY,21
2012,F,ZOEY,20
2012,F,ELLA,19
2012,F,ANNABELLE,19
2013,M,JACOB,67
2013,M,LIAM,64
2013,M,NOAH,53
2013,M,WILLIAM,51
2013,M,LOGAN,46
2013,M,CARTER,43
2013,M,BENJAMIN,38
2013,M,JACKSON,37
2013,M,OLIVIER,34
2013,M,LUCAS,34
2013,M,HUNTER,33
2013,M,THOMAS,33
2013,M,OWEN,33
2013,M,NATHAN,31
2013,M,ALEXANDER,30
2013,M,XAVIER,30
2013,M,SAMUEL,30
2013,M,CALEB,29
2013,M,MASON,29
2013,M,JACK,28
2013,F,OLIVIA,62
2013,F,EMMA,54
2013,F,CHARLOTTE,33
2013,F,SOPHIE,33
2013,F,SOPHIA,30
2013,F,ABIGAIL,30
2013,F,SADIE,28
2013,F,MIA,28
2013,F,EMILY,28
2013,F,ELLA,27
2013,F,LILY,27
2013,F,AVA,25
2013,F,MADISON,24
2013,F,GRACE,23
2013,F,ELLIE,22
2013,F,CHLOE,22
2013,F,AVERY,22
2013,F,ADDISON,22
2013,F,BROOKLYN,20
2013,F,ISABELLA,20
2014,M,LIAM,70
2014,M,NOAH,62
2014,M,WILLIAM,54
2014,M,SAMUEL,51
2014,M,JACOB,49
2014,M,JACK,40
2014,M,OWEN,39
2014,M,LUCAS,39
2014,M,MASON,35
2014,M,CARTER,33
2014,M,HUNTER,32
2014,M,NATHAN,32
2014,M,ETHAN,30
2014,M,LOGAN,29
2014,M,JAYDEN,27
2014,M,BENJAMIN,27
2014,M,ALEXANDER,26
2014,M,OLIVER,26
2014,M,CALEB,25
2014,M,OLIVIER,25
2014,F,OLIVIA,58
2014,F,EMMA,58
2014,F,AVA,31
2014,F,MADISON,30
2014,F,CHARLOTTE,30
2014,F,LILY,29
2014,F,MIA,28
2014,F,SADIE,27
2014,F,AUDREY,27
2014,F,ELLA,25
2014,F,GRACE,24
2014,F,EMILY,23
2014,F,SOPHIE,23
2014,F,AVERY,22
2014,F,SOPHIA,22
2014,F,ANNABELLE,21
2014,F,CHLOE,21
2014,F,EVELYN,21
2014,F,ABIGAIL,19
2014,F,ISABELLE,19
2015,M,LIAM,72
2015,M,WILLIAM,55
2015,M,JACOB,47
2015,M,NOAH,43
2015,M,OWEN,43
2015,M,BENJAMIN,38
2015,M,LOGAN,36
2015,M,SAMUEL,35
2015,M,JACK,34
2015,M,OLIVER,32
2015,M,JACKSON,31
2015,M,MASON,30
2015,M,GABRIEL,29
2015,M,OLIVIER,29
2015,M,THOMAS,29
2015,M,JAMES,28
2015,M,ETHAN,28
2015,M,LUCAS,27
2015,M,JAXON,26
2015,M,ISAAC,26
2015,F,EMMA,52
2015,F,OLIVIA,50
2015,F,EMILY,33
2015,F,CHARLOTTE,28
2015,F,MIA,26
2015,F,SOPHIA,26
2015,F,ISABELLA,24
2015,F,SADIE,23
2015,F,GRACE,22
2015,F,MADISON,21
2015,F,AVA,21
2015,F,JADE,20
2015,F,ELLA,20
2015,F,AVERY,19
2015,F,ELLIE,19
2015,F,ARIA,19
2015,F,AMELIA,19
2015,F,LEAH,18
2015,F,AUDREY,17
2015,F,SOPHIE,17
2016,M,LIAM,56
2016,M,WILLIAM,48
2016,M,JACOB,45
2016,M,NOAH,44
2016,M,THOMAS,42
2016,M,BENJAMIN,38
2016,M,SAMUEL,36
2016,M,MASON,36
2016,M,JACK,35
2016,M,JAXON,31
2016,M,LINCOLN,31
2016,M,OWEN,30
2016,M,XAVIER,29
2016,M,CALEB,28
2016,M,ISAAC,26
2016,M,JACKSON,26
2016,M,OLIVER,26
2016,M,LUCAS,25
2016,M,JAMES,24
2016,M,CARTER,23
2016,M,OLIVIER,23
2016,F,EMMA,55
2016,F,OLIVIA,52
2016,F,CHARLOTTE,38
2016,F,SOPHIA,36
2016,F,ELLIE,29
2016,F,LILY,26
2016,F,MIA,26
2016,F,ANNA,24
2016,F,AUDREY,24
2016,F,GRACE,23
2016,F,AMELIA,22
2016,F,HAILEY,22
2016,F,MADISON,22
2016,F,ABIGAIL,22
2016,F,EVELYN,22
2016,F,AVA,21
2016,F,ANNABELLE,21
2016,F,ZOEY,20
2016,F,SOPHIE,19
2016,F,PEYTON,18
2017,M,LIAM,60
2017,M,NOAH,44
2017,M,BENJAMIN,42
2017,M,LOGAN,41
2017,M,WILLIAM,40
2017,M,LUCAS,36
2017,M,JACK,33
2017,M,WYATT,32
2017,M,SAMUEL,31
2017,M,THOMAS,30
2017,M,OLIVER,30
2017,M,MASON,30
2017,M,JAMES,30
2017,M,OWEN,27
2017,M,LINCOLN,27
2017,M,HUDSON,25
2017,M,XAVIER,24
2017,M,JACOB,24
2017,M,JAXON,22
2017,M,ALEXANDER,22
2017,F,EMMA,53
2017,F,OLIVIA,44
2017,F,AMELIA,33
2017,F,CHARLOTTE,30
2017,F,SOPHIA,29
2017,F,MADISON,25
2017,F,ELLA,25
2017,F,ELIZABETH,22
2017,F,SCARLETT,21
2017,F,AVA,20
2017,F,AUDREY,20
2017,F,WILLOW,19
2017,F,ADDISON,19
2017,F,LILY,18
2017,F,GRACE,18
2017,F,ISABELLE,17
2017,F,ELLIE,17
2017,F,CLAIRE,17
2017,F,ABIGAIL,17
2017,F,ALEXA,17
2018,M,WILLIAM,63
2018,M,LIAM,50
2018,M,NOAH,46
2018,M,OLIVER,39
2018,M,JACK,38
2018,M,JACOB,35
2018,M,LOGAN,33
2018,M,LUCAS,32
2018,M,HENRY,28
2018,M,OWEN,27
2018,M,BENJAMIN,27
2018,M,ETHAN,27
2018,M,MASON,26
2018,M,JAMES,24
2018,M,THOMAS,24
2018,M,XAVIER,24
2018,M,SAMUEL,23
2018,M,CALEB,23
2018,M,JACKSON,23
2018,M,FÉLIX,23
2018,F,OLIVIA,50
2018,F,EMMA,49
2018,F,CHARLOTTE,35
2018,F,AMELIA,29
2018,F,EVERLY,24
2018,F,AVERY,24
2018,F,ABIGAIL,23
2018,F,AVA,22
2018,F,SOPHIA,21
2018,F,JADE,20
2018,F,AUDREY,19
2018,F,MILA,19
2018,F,ELLIE,19
2018,F,ZOÉ,19
2018,F,LILY,18
2018,F,EMILY,18
2018,F,ISABELLA,18
2018,F,EVELYN,18
2018,F,CHLOE,17
2018,F,VIOLET,17
